[
{
  "model": "auth.user",
  "pk": 1,
  "fields": {
    "password": "pbkdf2_sha256$100000$QIJMf5kYOWed$WG0zaAMk/qVGTOp3XM5XOqcPT5absgM9i5xe1lo/yPU=",
    "last_login": "2018-03-15T17:29:03.773Z",
    "is_superuser": true,
    "username": "pablo",
    "first_name": "",
    "last_name": "",
    "email": "asd@asd.com",
    "is_staff": true,
    "is_active": true,
    "date_joined": "2018-02-19T18:30:39.137Z",
    "groups": [],
    "user_permissions": []
  }
},
{
  "model": "sessions.session",
  "pk": "3lc3awyyfg2xohmp6o32x1t7592hug6l",
  "fields": {
    "session_data": "ZjAwMGY4NDZhOWZmYjYxZmM2MGIyYjQxMGY2MGNmMzBlOWQ5MDIzYzp7Il9hdXRoX3VzZXJfaWQiOiIxIiwiX2F1dGhfdXNlcl9oYXNoIjoiZGYyYjUzZWY3NmFiMWE2YWM1NzllZDAxMzM3NGE4MDJkZmZjOTM0NyIsIl9hdXRoX3VzZXJfYmFja2VuZCI6ImRqYW5nby5jb250cmliLmF1dGguYmFja2VuZHMuTW9kZWxCYWNrZW5kIn0=",
    "expire_date": "2018-03-05T18:32:34.555Z"
  }
},
{
  "model": "sessions.session",
  "pk": "4thal8idbdgsfdz5tv9umh1czwxu9x0i",
  "fields": {
    "session_data": "NjE4NDQyYzZhMTgyM2NmNjk2ZWU0ODVjNmMxYjRhNmVhZGJiNmIxZjp7Il9hdXRoX3VzZXJfYmFja2VuZCI6ImRqYW5nby5jb250cmliLmF1dGguYmFja2VuZHMuTW9kZWxCYWNrZW5kIiwiX2F1dGhfdXNlcl9oYXNoIjoiNWExMGIyYTIzMWUzZDVmYzllMWI1NWZkYWVjNzY1ZDNkZjM1YjVhMCIsIl9hdXRoX3VzZXJfaWQiOiIxIn0=",
    "expire_date": "2018-03-29T17:29:03.840Z"
  }
},
{
  "model": "sessions.session",
  "pk": "52bosftwn3nri85od3nirjesbr529hjb",
  "fields": {
    "session_data": "YmU2ZjMxNDY2YzFmYmM1YmY5ZGMxMDEwODhlZTdhZWZlMzc0NGI5MTp7Il9hdXRoX3VzZXJfaWQiOiIxIiwiX2F1dGhfdXNlcl9oYXNoIjoiNWExMGIyYTIzMWUzZDVmYzllMWI1NWZkYWVjNzY1ZDNkZjM1YjVhMCIsIl9hdXRoX3VzZXJfYmFja2VuZCI6ImRqYW5nby5jb250cmliLmF1dGguYmFja2VuZHMuTW9kZWxCYWNrZW5kIn0=",
    "expire_date": "2018-03-28T15:28:45.370Z"
  }
},
{
  "model": "sessions.session",
  "pk": "5s4f6srx8jz01thgv8jta4drrg9futj1",
  "fields": {
    "session_data": "ZTc0NGM4MDg1MTc3M2ZlODBlNjU0OTgwOTM2YTM5ZWI0YmQxMWJhOTp7Il9hdXRoX3VzZXJfaGFzaCI6IjVhMTBiMmEyMzFlM2Q1ZmM5ZTFiNTVmZGFlYzc2NWQzZGYzNWI1YTAiLCJfYXV0aF91c2VyX2JhY2tlbmQiOiJkamFuZ28uY29udHJpYi5hdXRoLmJhY2tlbmRzLk1vZGVsQmFja2VuZCIsIl9hdXRoX3VzZXJfaWQiOiIxIn0=",
    "expire_date": "2018-03-28T15:31:47.583Z"
  }
},
{
  "model": "sessions.session",
  "pk": "h08xv59gouejtv5spk9od0vb5idn8f2s",
  "fields": {
    "session_data": "NmI0NmUxODE0ZmQ1YjFiYzAwMTM5NTk3YjhjNjZlNzA3MzgzNjk4Mzp7Il9hdXRoX3VzZXJfYmFja2VuZCI6ImRqYW5nby5jb250cmliLmF1dGguYmFja2VuZHMuTW9kZWxCYWNrZW5kIiwiX2F1dGhfdXNlcl9pZCI6IjEiLCJfYXV0aF91c2VyX2hhc2giOiI1YTEwYjJhMjMxZTNkNWZjOWUxYjU1ZmRhZWM3NjVkM2RmMzViNWEwIn0=",
    "expire_date": "2018-03-12T14:21:55.405Z"
  }
},
{
  "model": "sessions.session",
  "pk": "p6nwjx5j6x3s73r38odp4m7vq2wtk3rw",
  "fields": {
    "session_data": "MzYxZTMzNjQ1YWMyMWYwNjY2YWU4NWRmMjkwMjZhMzJmYThkYmUxZTp7Il9hdXRoX3VzZXJfaWQiOiIxIiwiX2F1dGhfdXNlcl9oYXNoIjoiNDQ1YzM5YmQzYmJiYmE3ZWY5MjFiYjI2NzVkNTA5ODNjYThmOWI5YyIsIl9hdXRoX3VzZXJfYmFja2VuZCI6ImRqYW5nby5jb250cmliLmF1dGguYmFja2VuZHMuTW9kZWxCYWNrZW5kIn0=",
    "expire_date": "2018-03-08T14:33:43.471Z"
  }
},
{
  "model": "sessions.session",
  "pk": "t4p53kmq6hpc62gbrz1cmdyxilc9009v",
  "fields": {
    "session_data": "NjE4NDQyYzZhMTgyM2NmNjk2ZWU0ODVjNmMxYjRhNmVhZGJiNmIxZjp7Il9hdXRoX3VzZXJfYmFja2VuZCI6ImRqYW5nby5jb250cmliLmF1dGguYmFja2VuZHMuTW9kZWxCYWNrZW5kIiwiX2F1dGhfdXNlcl9oYXNoIjoiNWExMGIyYTIzMWUzZDVmYzllMWI1NWZkYWVjNzY1ZDNkZjM1YjVhMCIsIl9hdXRoX3VzZXJfaWQiOiIxIn0=",
    "expire_date": "2018-03-09T15:38:40.672Z"
  }
},
{
  "model": "sessions.session",
  "pk": "wht8vfeks4dwevel374ysf410gn8w44g",
  "fields": {
    "session_data": "MWQ5ZTM4MTcyNGQyYWZiYWUxN2JlMTU1OTc1ZTg5OWU5NTc1OWIzZTp7Il9hdXRoX3VzZXJfYmFja2VuZCI6ImRqYW5nby5jb250cmliLmF1dGguYmFja2VuZHMuTW9kZWxCYWNrZW5kIiwiX2F1dGhfdXNlcl9pZCI6IjEiLCJfYXV0aF91c2VyX2hhc2giOiJkZjJiNTNlZjc2YWIxYTZhYzU3OWVkMDEzMzc0YTgwMmRmZmM5MzQ3In0=",
    "expire_date": "2018-03-05T18:40:02.690Z"
  }
},
{
  "model": "sites.site",
  "pk": 1,
  "fields": {
    "domain": "katatest.io",
    "name": "Kata Containers"
  }
},
{
  "model": "sites.site",
  "pk": 2,
  "fields": {
    "domain": "kukutest.io",
    "name": "Kuku"
  }
},
{
  "model": "redirects.redirect",
  "pk": 1,
  "fields": {
    "site": [
      "katatest.io"
    ],
    "old_path": "/docs/Kata-Containers-On-boarding-Deck-for-Website01022018.pdf",
    "new_path": "/media/uploads/katacontainers/docs/kata-containers-on-boarding-deck-for-website01022018.pdf"
  }
},
{
  "model": "redirects.redirect",
  "pk": 2,
  "fields": {
    "site": [
      "katatest.io"
    ],
    "old_path": "/docs/kata-containers-1pager.pdf",
    "new_path": "/blog/"
  }
},
{
  "model": "domains.customsite",
  "pk": 1,
  "fields": {
    "custom_js": ""
  }
},
{
  "model": "domains.customsite",
  "pk": 2,
  "fields": {
    "custom_js": null
  }
},
{
  "model": "domains.redirecthost",
  "pk": 1,
  "fields": {
    "site": [
      "katatest.io"
    ],
    "redirect_name": "www.katatest.io"
  }
},
{
  "model": "domains.redirecthost",
  "pk": 2,
  "fields": {
    "site": [
      "katatest.io"
    ],
    "redirect_name": "www.katatest.com"
  }
},
{
  "model": "domains.redirecthost",
  "pk": 3,
  "fields": {
    "site": [
      "katatest.io"
    ],
    "redirect_name": "katatest.com"
  }
},
{
  "model": "domains.redirecthost",
  "pk": 4,
  "fields": {
    "site": [
      "kukutest.io"
    ],
    "redirect_name": "kukutest.com"
  }
},
{
  "model": "domains.redirecthost",
  "pk": 5,
  "fields": {
    "site": [
      "kukutest.io"
    ],
    "redirect_name": "www.kukutest.com"
  }
},
{
  "model": "domains.redirecthost",
  "pk": 6,
  "fields": {
    "site": [
      "kukutest.io"
    ],
    "redirect_name": "www.kukutest.io"
  }
},
{
  "model": "menus.socialmediamenu",
  "pk": 1,
  "fields": {
    "site": [
      "katatest.io"
    ],
    "display_name": "Twitter",
    "target_type": "url",
    "page": null,
    "order": 1,
    "url": "https://twitter.com/KataContainers",
    "social_network": "fa-twitter"
  }
},
{
  "model": "menus.socialmediamenu",
  "pk": 2,
  "fields": {
    "site": [
      "katatest.io"
    ],
    "display_name": "Github",
    "target_type": "url",
    "page": null,
    "order": 3,
    "url": "https://github.com/kata-containers/",
    "social_network": "fa-github"
  }
},
{
  "model": "menus.socialmediamenu",
  "pk": 3,
  "fields": {
    "site": [
      "katatest.io"
    ],
    "display_name": "Facebook",
    "target_type": "url",
    "page": null,
    "order": 2,
    "url": "https://www.facebook.com/KataContainers",
    "social_network": "fa-facebook"
  }
},
{
  "model": "menus.socialmediamenu",
  "pk": 4,
  "fields": {
    "site": [
      "katatest.io"
    ],
    "display_name": "Slack",
    "target_type": "url",
    "page": null,
    "order": 4,
    "url": "https://katacontainers.slack.com/",
    "social_network": "fa-slack"
  }
},
{
  "model": "menus.bigheadermenu",
  "pk": 1,
  "fields": {
    "site": [
      "katatest.io"
    ],
    "display_name": "FAQ",
    "target_type": "page",
    "page": 6,
    "url": "",
    "order": 3
  }
},
{
  "model": "menus.bigheadermenu",
  "pk": 2,
  "fields": {
    "site": [
      "katatest.io"
    ],
    "display_name": "Blog",
    "target_type": "page",
    "page": 3,
    "url": "",
    "order": 4
  }
},
{
  "model": "menus.bigheadermenu",
  "pk": 3,
  "fields": {
    "site": [
      "katatest.io"
    ],
    "display_name": "News",
    "target_type": "page",
    "page": 7,
    "url": "",
    "order": 2
  }
},
{
  "model": "menus.bigheadermenu",
  "pk": 4,
  "fields": {
    "site": [
      "katatest.io"
    ],
    "display_name": "Home",
    "target_type": "page",
    "page": 5,
    "url": "",
    "order": 1
  }
},
{
  "model": "content.moduleinmodule",
  "pk": 5,
  "fields": {
    "site": [
      "katatest.io"
    ],
    "container": 13,
    "module": 21,
    "order": 1
  }
},
{
  "model": "content.moduleinmodule",
  "pk": 6,
  "fields": {
    "site": [
      "katatest.io"
    ],
    "container": 13,
    "module": 22,
    "order": 2
  }
},
{
  "model": "content.moduleinmodule",
  "pk": 7,
  "fields": {
    "site": [
      "katatest.io"
    ],
    "container": 25,
    "module": 23,
    "order": 1
  }
},
{
  "model": "content.moduleinmodule",
  "pk": 8,
  "fields": {
    "site": [
      "katatest.io"
    ],
    "container": 25,
    "module": 24,
    "order": 2
  }
},
{
  "model": "content.post",
  "pk": 5,
  "fields": {
    "site": [
      "katatest.io"
    ],
    "title": "Recent Post 1",
    "slug": "recent-post-1",
    "author": "John Writer",
    "date": "2018-02-27",
    "image": "uploads/katacontainers/images/posts/Ap_Creative_Stock_Header.jpg",
    "content": "<p>Lorem ipsum dolor sit amet, consectetur adipiscing elit. Aenean tortor metus, pretium et diam sed, feugiat feugiat ligula. Morbi id urna neque. Vivamus egestas mauris a egestas varius. Donec vestibulum nisi odio, non malesuada nisl pellentesque non. Mauris at interdum purus, faucibus molestie justo. Sed id pharetra enim. Vestibulum nec pulvinar elit, ac porta dolor. Praesent massa velit, sodales eget mauris ac, dignissim congue tellus. Vivamus tristique felis massa, a pellentesque lectus sagittis eget. Sed eget interdum libero, in rhoncus elit. Praesent mollis semper urna, nec interdum orci vulputate ut. Maecenas vitae tempus nisi, quis feugiat lorem. Duis accumsan scelerisque nibh non faucibus.</p>\r\n<p>Curabitur pulvinar convallis fringilla. Suspendisse et placerat nulla. Mauris maximus tincidunt lorem sit amet lobortis. Praesent eu tellus condimentum, dapibus nulla ac, luctus nunc. Fusce vel nulla porttitor, rutrum elit id, pretium risus. Suspendisse commodo odio arcu, ac vulputate ipsum consequat ut. Nunc consectetur dui non massa cursus pharetra. Suspendisse nisi magna, rutrum vitae nunc et, vehicula sodales elit. Praesent at neque consequat, faucibus urna in, finibus dui. Etiam ut consequat erat, quis accumsan ligula. Sed semper mauris id nibh malesuada, quis malesuada ligula lacinia.</p>",
    "excerpt": "Lorem ipsum dolor sit amet, consectetur adipiscing elit. Aenean tortor metus, pretium et diam sed, feugiat feugiat ligula. Morbi id urna neque. Vivamus egestas mauris a egestas varius. Donec vestibulum nisi odio, non malesuada nisl pellentesque non. Mauris at interdum purus, faucibus molestie justo. Sed id pharetra enim. Vestibulum nec",
    "categories": [
      3,
      4
    ]
  }
},
{
  "model": "content.post",
  "pk": 6,
  "fields": {
    "site": [
      "katatest.io"
    ],
    "title": "Recent Post 2",
    "slug": "recent-post-2",
    "author": "John Writer",
    "date": "2018-01-09",
    "image": "uploads/katacontainers/images/posts/Ap_Creative_Stock_Header.jpg",
    "content": "<p>Lorem ipsum dolor sit amet, consectetur adipiscing elit. Aenean tortor metus, pretium et diam sed, feugiat feugiat ligula. Morbi id urna neque. Vivamus egestas mauris a egestas varius. Donec vestibulum nisi odio, non malesuada nisl pellentesque non. Mauris at interdum purus, faucibus molestie justo. Sed id pharetra enim. Vestibulum nec pulvinar elit, ac porta dolor. Praesent massa velit, sodales eget mauris ac, dignissim congue tellus. Vivamus tristique felis massa, a pellentesque lectus sagittis eget. Sed eget interdum libero, in rhoncus elit. Praesent mollis semper urna, nec interdum orci vulputate ut. Maecenas vitae tempus nisi, quis feugiat lorem. Duis accumsan scelerisque nibh non faucibus.</p>\r\n<p>Curabitur pulvinar convallis fringilla. Suspendisse et placerat nulla. Mauris maximus tincidunt lorem sit amet lobortis. Praesent eu tellus condimentum, dapibus nulla ac, luctus nunc. Fusce vel nulla porttitor, rutrum elit id, pretium risus. Suspendisse commodo odio arcu, ac vulputate ipsum consequat ut. Nunc consectetur dui non massa cursus pharetra. Suspendisse nisi magna, rutrum vitae nunc et, vehicula sodales elit. Praesent at neque consequat, faucibus urna in, finibus dui. Etiam ut consequat erat, quis accumsan ligula. Sed semper mauris id nibh malesuada, quis malesuada ligula lacinia.</p>",
    "excerpt": "Lorem ipsum dolor sit amet, consectetur adipiscing elit. Aenean tortor metus, pretium et diam sed, feugiat feugiat ligula. Morbi id urna neque. Vivamus egestas mauris a egestas varius. Donec vestibulum nisi odio, non malesuada nisl pellentesque non. Mauris at interdum purus, faucibus molestie justo. Sed id pharetra enim. Vestibulum nec ",
    "categories": [
      3
    ]
  }
},
{
  "model": "content.post",
  "pk": 7,
  "fields": {
    "site": [
      "katatest.io"
    ],
    "title": "Recent Post 3",
    "slug": "recent-post-3",
    "author": "John Writer",
    "date": "2017-11-07",
    "image": "uploads/katacontainers/images/posts/Ap_Creative_Stock_Header.jpg",
    "content": "<p>Lorem ipsum dolor sit amet, consectetur adipiscing elit. Aenean tortor metus, pretium et diam sed, feugiat feugiat ligula. Morbi id urna neque. Vivamus egestas mauris a egestas varius. Donec vestibulum nisi odio, non malesuada nisl pellentesque non. Mauris at interdum purus, faucibus molestie justo. Sed id pharetra enim. Vestibulum nec pulvinar elit, ac porta dolor. Praesent massa velit, sodales eget mauris ac, dignissim congue tellus. Vivamus tristique felis massa, a pellentesque lectus sagittis eget. Sed eget interdum libero, in rhoncus elit. Praesent mollis semper urna, nec interdum orci vulputate ut. Maecenas vitae tempus nisi, quis feugiat lorem. Duis accumsan scelerisque nibh non faucibus.</p>\r\n<p>Curabitur pulvinar convallis fringilla. Suspendisse et placerat nulla. Mauris maximus tincidunt lorem sit amet lobortis. Praesent eu tellus condimentum, dapibus nulla ac, luctus nunc. Fusce vel nulla porttitor, rutrum elit id, pretium risus. Suspendisse commodo odio arcu, ac vulputate ipsum consequat ut. Nunc consectetur dui non massa cursus pharetra. Suspendisse nisi magna, rutrum vitae nunc et, vehicula sodales elit. Praesent at neque consequat, faucibus urna in, finibus dui. Etiam ut consequat erat, quis accumsan ligula. Sed semper mauris id nibh malesuada, quis malesuada ligula lacinia.</p>",
    "excerpt": "Lorem ipsum dolor sit amet, consectetur adipiscing elit. Aenean tortor metus, pretium et diam sed, feugiat feugiat ligula. Morbi id urna neque. Vivamus egestas mauris a egestas varius. Donec vestibulum nisi odio, non malesuada nisl pellentesque non. Mauris at interdum purus, faucibus molestie justo. Sed id pharetra enim. Vestibulum nec ",
    "categories": [
      3,
      4
    ]
  }
},
{
  "model": "content.post",
  "pk": 8,
  "fields": {
    "site": [
      "katatest.io"
    ],
    "title": "Recent Post 4",
    "slug": "recent-post-4",
    "author": "John Writer",
    "date": "2018-02-22",
    "image": "uploads/katacontainers/images/posts/stock-photo-happy-woman-with-thumbs-up-isolated-over-a-white-background-107196293.jpg",
    "content": "<p>Lorem ipsum dolor sit amet, consectetur adipiscing elit. Aenean tortor metus, pretium et diam sed, feugiat feugiat ligula. Morbi id urna neque. Vivamus egestas mauris a egestas varius. Donec vestibulum nisi odio, non malesuada nisl pellentesque non. Mauris at interdum purus, faucibus molestie justo. Sed id pharetra enim. Vestibulum nec pulvinar elit, ac porta dolor. Praesent massa velit, sodales eget mauris ac, dignissim congue tellus. Vivamus tristique felis massa, a pellentesque lectus sagittis eget. Sed eget interdum libero, in rhoncus elit. Praesent mollis semper urna, nec interdum orci vulputate ut. Maecenas vitae tempus nisi, quis feugiat lorem. Duis accumsan scelerisque nibh non faucibus.</p>\r\n<p>Curabitur pulvinar convallis fringilla. Suspendisse et placerat nulla. Mauris maximus tincidunt lorem sit amet lobortis. Praesent eu tellus condimentum, dapibus nulla ac, luctus nunc. Fusce vel nulla porttitor, rutrum elit id, pretium risus. Suspendisse commodo odio arcu, ac vulputate ipsum consequat ut. Nunc consectetur dui non massa cursus pharetra. Suspendisse nisi magna, rutrum vitae nunc et, vehicula sodales elit. Praesent at neque consequat, faucibus urna in, finibus dui. Etiam ut consequat erat, quis accumsan ligula. Sed semper mauris id nibh malesuada, quis malesuada ligula lacinia.</p>",
    "excerpt": "Lorem ipsum dolor sit amet, consectetur adipiscing elit. Aenean tortor metus, pretium et diam sed, feugiat feugiat ligula. Morbi id urna neque. Vivamus egestas mauris a egestas varius. Donec vestibulum nisi odio, non malesuada nisl pellentesque non. Mauris at interdum purus, faucibus molestie justo. Sed id pharetra enim. Vestibulum nec ",
    "categories": [
      3
    ]
  }
},
{
  "model": "content.post",
  "pk": 9,
  "fields": {
    "site": [
      "katatest.io"
    ],
    "title": "Recent Post 5",
    "slug": "recent-post-5",
    "author": "John Writer",
    "date": "2017-12-22",
    "image": "uploads/katacontainers/images/posts/Ap_Creative_Stock_Header.jpg",
    "content": "<p>Lorem ipsum dolor sit amet, consectetur adipiscing elit. Aenean tortor metus, pretium et diam sed, feugiat feugiat ligula. Morbi id urna neque. Vivamus egestas mauris a egestas varius. Donec vestibulum nisi odio, non malesuada nisl pellentesque non. Mauris at interdum purus, faucibus molestie justo. Sed id pharetra enim. Vestibulum nec pulvinar elit, ac porta dolor. Praesent massa velit, sodales eget mauris ac, dignissim congue tellus. Vivamus tristique felis massa, a pellentesque lectus sagittis eget. Sed eget interdum libero, in rhoncus elit. Praesent mollis semper urna, nec interdum orci vulputate ut. Maecenas vitae tempus nisi, quis feugiat lorem. Duis accumsan scelerisque nibh non faucibus.</p>\r\n<p>Curabitur pulvinar convallis fringilla. Suspendisse et placerat nulla. Mauris maximus tincidunt lorem sit amet lobortis. Praesent eu tellus condimentum, dapibus nulla ac, luctus nunc. Fusce vel nulla porttitor, rutrum elit id, pretium risus. Suspendisse commodo odio arcu, ac vulputate ipsum consequat ut. Nunc consectetur dui non massa cursus pharetra. Suspendisse nisi magna, rutrum vitae nunc et, vehicula sodales elit. Praesent at neque consequat, faucibus urna in, finibus dui. Etiam ut consequat erat, quis accumsan ligula. Sed semper mauris id nibh malesuada, quis malesuada ligula lacinia.</p>",
    "excerpt": "Lorem ipsum dolor sit amet, consectetur adipiscing elit. Aenean tortor metus, pretium et diam sed, feugiat feugiat ligula. Morbi id urna neque. Vivamus egestas mauris a egestas varius. Donec vestibulum nisi odio, non malesuada nisl pellentesque non. Mauris at interdum purus, faucibus molestie justo. Sed id pharetra enim. Vestibulum nec ",
    "categories": [
      3,
      4
    ]
  }
},
{
  "model": "content.post",
  "pk": 10,
  "fields": {
    "site": [
      "katatest.io"
    ],
    "title": "Recent Post 6",
    "slug": "recent-post-6",
    "author": "John Writer",
    "date": "2018-02-27",
    "image": "uploads/katacontainers/images/posts/Ap_Creative_Stock_Header.jpg",
    "content": "<p>Lorem ipsum dolor sit amet, consectetur adipiscing elit. Aenean tortor metus, pretium et diam sed, feugiat feugiat ligula. Morbi id urna neque. Vivamus egestas mauris a egestas varius. Donec vestibulum nisi odio, non malesuada nisl pellentesque non. Mauris at interdum purus, faucibus molestie justo. Sed id pharetra enim. Vestibulum nec pulvinar elit, ac porta dolor. Praesent massa velit, sodales eget mauris ac, dignissim congue tellus. Vivamus tristique felis massa, a pellentesque lectus sagittis eget. Sed eget interdum libero, in rhoncus elit. Praesent mollis semper urna, nec interdum orci vulputate ut. Maecenas vitae tempus nisi, quis feugiat lorem. Duis accumsan scelerisque nibh non faucibus.</p>\r\n<p>Curabitur pulvinar convallis fringilla. Suspendisse et placerat nulla. Mauris maximus tincidunt lorem sit amet lobortis. Praesent eu tellus condimentum, dapibus nulla ac, luctus nunc. Fusce vel nulla porttitor, rutrum elit id, pretium risus. Suspendisse commodo odio arcu, ac vulputate ipsum consequat ut. Nunc consectetur dui non massa cursus pharetra. Suspendisse nisi magna, rutrum vitae nunc et, vehicula sodales elit. Praesent at neque consequat, faucibus urna in, finibus dui. Etiam ut consequat erat, quis accumsan ligula. Sed semper mauris id nibh malesuada, quis malesuada ligula lacinia.</p>",
    "excerpt": "Lorem ipsum dolor sit amet, consectetur adipiscing elit. Aenean tortor metus, pretium et diam sed, feugiat feugiat ligula. Morbi id urna neque. Vivamus egestas mauris a egestas varius. Donec vestibulum nisi odio, non malesuada nisl pellentesque non. Mauris at interdum purus, faucibus molestie justo. Sed id pharetra enim. Vestibulum nec",
    "categories": [
      3
    ]
  }
},
{
  "model": "content.post",
  "pk": 11,
  "fields": {
    "site": [
      "katatest.io"
    ],
    "title": "Recent Post 7",
    "slug": "recent-post-7",
    "author": "John Writer",
    "date": "2018-02-05",
    "image": "uploads/katacontainers/images/posts/Ap_Creative_Stock_Header.jpg",
    "content": "<p>Lorem ipsum dolor sit amet, consectetur adipiscing elit. Aenean tortor metus, pretium et diam sed, feugiat feugiat ligula. Morbi id urna neque. Vivamus egestas mauris a egestas varius. Donec vestibulum nisi odio, non malesuada nisl pellentesque non. Mauris at interdum purus, faucibus molestie justo. Sed id pharetra enim. Vestibulum nec pulvinar elit, ac porta dolor. Praesent massa velit, sodales eget mauris ac, dignissim congue tellus. Vivamus tristique felis massa, a pellentesque lectus sagittis eget. Sed eget interdum libero, in rhoncus elit. Praesent mollis semper urna, nec interdum orci vulputate ut. Maecenas vitae tempus nisi, quis feugiat lorem. Duis accumsan scelerisque nibh non faucibus.</p>\r\n<p>Curabitur pulvinar convallis fringilla. Suspendisse et placerat nulla. Mauris maximus tincidunt lorem sit amet lobortis. Praesent eu tellus condimentum, dapibus nulla ac, luctus nunc. Fusce vel nulla porttitor, rutrum elit id, pretium risus. Suspendisse commodo odio arcu, ac vulputate ipsum consequat ut. Nunc consectetur dui non massa cursus pharetra. Suspendisse nisi magna, rutrum vitae nunc et, vehicula sodales elit. Praesent at neque consequat, faucibus urna in, finibus dui. Etiam ut consequat erat, quis accumsan ligula. Sed semper mauris id nibh malesuada, quis malesuada ligula lacinia.</p>",
    "excerpt": "Lorem ipsum dolor sit amet, consectetur adipiscing elit. Aenean tortor metus, pretium et diam sed, feugiat feugiat ligula. Morbi id urna neque. Vivamus egestas mauris a egestas varius. Donec vestibulum nisi odio, non malesuada nisl pellentesque non. Mauris at interdum purus, faucibus molestie justo. Sed id pharetra enim. Vestibulum nec ",
    "categories": [
      3,
      4
    ]
  }
},
{
  "model": "content.buttoninmodule",
  "pk": 2,
  "fields": {
    "site": [
      "katatest.io"
    ],
    "button": 1,
    "module": 5,
    "order": 1
  }
},
{
  "model": "content.button",
  "pk": 1,
  "fields": {
    "site": [
      "katatest.io"
    ],
    "caption": "How to get started",
    "url": "https://github.com/kata-containers/community"
  }
},
{
  "model": "content.listitem",
  "pk": 5,
  "fields": {
    "site": [
      "katatest.io"
    ],
    "icon": null,
    "title": null,
    "caption": "January 8",
    "order": 0,
    "list": 2
  }
},
{
  "model": "content.listitem",
  "pk": 6,
  "fields": {
    "site": [
      "katatest.io"
    ],
    "icon": null,
    "title": null,
    "caption": "February 5",
    "order": 1,
    "list": 2
  }
},
{
  "model": "content.listitem",
  "pk": 7,
  "fields": {
    "site": [
      "katatest.io"
    ],
    "icon": null,
    "title": null,
    "caption": "March 5",
    "order": 2,
    "list": 2
  }
},
{
  "model": "content.listitem",
  "pk": 8,
  "fields": {
    "site": [
      "katatest.io"
    ],
    "icon": null,
    "title": null,
    "caption": "April 2",
    "order": 3,
    "list": 2
  }
},
{
  "model": "content.listitem",
  "pk": 9,
  "fields": {
    "site": [
      "katatest.io"
    ],
    "icon": null,
    "title": null,
    "caption": "April 30",
    "order": 4,
    "list": 2
  }
},
{
  "model": "content.listitem",
  "pk": 10,
  "fields": {
    "site": [
      "katatest.io"
    ],
    "icon": null,
    "title": null,
    "caption": "January 11",
    "order": 0,
    "list": 3
  }
},
{
  "model": "content.listitem",
  "pk": 11,
  "fields": {
    "site": [
      "katatest.io"
    ],
    "icon": null,
    "title": null,
    "caption": "February 8",
    "order": 1,
    "list": 3
  }
},
{
  "model": "content.listitem",
  "pk": 12,
  "fields": {
    "site": [
      "katatest.io"
    ],
    "icon": null,
    "title": null,
    "caption": "March 8",
    "order": 2,
    "list": 3
  }
},
{
  "model": "content.listitem",
  "pk": 13,
  "fields": {
    "site": [
      "katatest.io"
    ],
    "icon": null,
    "title": null,
    "caption": "April 5",
    "order": 3,
    "list": 3
  }
},
{
  "model": "content.listitem",
  "pk": 14,
  "fields": {
    "site": [
      "katatest.io"
    ],
    "icon": null,
    "title": null,
    "caption": "May 3",
    "order": 4,
    "list": 3
  }
},
{
  "model": "content.listitem",
  "pk": 15,
  "fields": {
    "site": [
      "katatest.io"
    ],
    "icon": null,
    "title": null,
    "caption": "January 25",
    "order": 0,
    "list": 4
  }
},
{
  "model": "content.listitem",
  "pk": 16,
  "fields": {
    "site": [
      "katatest.io"
    ],
    "icon": null,
    "title": null,
    "caption": "February 22",
    "order": 1,
    "list": 4
  }
},
{
  "model": "content.listitem",
  "pk": 17,
  "fields": {
    "site": [
      "katatest.io"
    ],
    "icon": null,
    "title": null,
    "caption": "March 22",
    "order": 2,
    "list": 4
  }
},
{
  "model": "content.listitem",
  "pk": 18,
  "fields": {
    "site": [
      "katatest.io"
    ],
    "icon": null,
    "title": null,
    "caption": "April 19",
    "order": 3,
    "list": 4
  }
},
{
  "model": "content.listitem",
  "pk": 19,
  "fields": {
    "site": [
      "katatest.io"
    ],
    "icon": null,
    "title": null,
    "caption": "May 17",
    "order": 4,
    "list": 4
  }
},
{
  "model": "content.listitem",
  "pk": 21,
  "fields": {
    "site": [
      "katatest.io"
    ],
    "icon": null,
    "title": null,
    "caption": "January 22",
    "order": 0,
    "list": 5
  }
},
{
  "model": "content.listitem",
  "pk": 22,
  "fields": {
    "site": [
      "katatest.io"
    ],
    "icon": null,
    "title": null,
    "caption": "February 19",
    "order": 1,
    "list": 5
  }
},
{
  "model": "content.listitem",
  "pk": 23,
  "fields": {
    "site": [
      "katatest.io"
    ],
    "icon": null,
    "title": null,
    "caption": "March 19",
    "order": 2,
    "list": 5
  }
},
{
  "model": "content.listitem",
  "pk": 24,
  "fields": {
    "site": [
      "katatest.io"
    ],
    "icon": null,
    "title": null,
    "caption": "April 16",
    "order": 3,
    "list": 5
  }
},
{
  "model": "content.listitem",
  "pk": 25,
  "fields": {
    "site": [
      "katatest.io"
    ],
    "icon": null,
    "title": null,
    "caption": "May 14",
    "order": 4,
    "list": 5
  }
},
{
  "model": "content.listitem",
  "pk": 26,
  "fields": {
    "site": [
      "katatest.io"
    ],
    "icon": 1,
    "title": "Code & Docs",
    "caption": "<p class=\"mb-1 mt-1\"><a class=\"link\" href=\"https://github.com/kata-containers\" target=\"_blank\">GitHub / How to Contribute</a></p>\r\n <p class=\"mb-1 mt-1\"><a class=\"link\" href=\"/docs/Kata-Containers-On-boarding-Deck-for-Website01022018.pdf\" target=\"_blank\">Overview Deck</a></p>\r\n <p class=\"mb-1 mt-1\"><a class=\"link\" href=\"/docs/kata-containers-1pager.pdf\" target=\"_blank\">Overview One Pager</a></p>",
    "order": 0,
    "list": 6
  }
},
{
  "model": "content.listitem",
  "pk": 27,
  "fields": {
    "site": [
      "katatest.io"
    ],
    "icon": null,
    "title": null,
    "caption": "<a href=\"http://bit.ly/KataSlack\" target=\"_blank\">Get involved! Join the #working-committee channel in Slack</a>",
    "order": 0,
    "list": 7
  }
},
{
  "model": "content.listitem",
  "pk": 28,
  "fields": {
    "site": [
      "katatest.io"
    ],
    "icon": null,
    "title": null,
    "caption": "<a href=\"https://zoom.us/recording/play/uVrcP_TU5O3YVezRx7ZltgMxIr_lU96crzNbjzo1C0JNetKx4fNUsEn9LxAICSnb\" target=\"_blank\">Watch the Recording</a> | <a href=\"/docs/Kata-Containers-On-boarding-Deck-for-Website01022018.pdf\" target=\"_blank\">View the Deck</a>",
    "order": 0,
    "list": 8
  }
},
{
  "model": "content.listitem",
  "pk": 29,
  "fields": {
    "site": [
      "katatest.io"
    ],
    "icon": null,
    "title": null,
    "caption": "Join the conversation in <a href=\"http://bit.ly/KataSlack\" target=\"_blank\">Slack</a> or <a href=\"http://webchat.freenode.net/?channels=kata-dev\" target=\"_blank\">Freenode</a>",
    "order": 1,
    "list": 8
  }
},
{
  "model": "content.listitem",
  "pk": 34,
  "fields": {
    "site": [
      "katatest.io"
    ],
    "icon": 2,
    "title": "Communications",
    "caption": "<p class=\"mb-1 mt-1\"><a class=\"link\" href=\"http://lists.katacontainers.io\" target=\"_blank\">Mailing list</a></p>\r\n <p class=\"mb-1 mt-1\">Freenode IRC<br><a class=\"link\" href=\"http://webchat.freenode.net/?channels=kata-dev\" target=\"_blank\">#kata-dev</a> and<br><a class=\"link\" href=\"http://webchat.freenode.net/?channels=kata-general\" target=\"_blank\">#kata-general</a></p>\r\n <p class=\"mb-1 mt-1\"><a class=\"link\" href=\"https://twitter.com/KataContainers\" target=\"_blank\">Twitter</a></p>\r\n <p class=\"mb-1 mt-1\">Slack <a class=\"link\" href=\"https://katacontainers.slack.com/\" target=\"_blank\">channel</a> or <a class=\"link\" href=\"http://bit.ly/KataSlack\" target=\"_blank\">invite</a></p>\r\n <p class=\"mb-1 mt-1\"><a class=\"link\" href=\"https://www.facebook.com/KataContainers\" target=\"_blank\">Facebook</a></p>",
    "order": 1,
    "list": 6
  }
},
{
  "model": "content.listitem",
  "pk": 35,
  "fields": {
    "site": [
      "katatest.io"
    ],
    "icon": 3,
    "title": "Community",
    "caption": "<p class=\"mb-1 mt-1\"><a class=\"link\" href=\"https://www.openstack.org/legal/community-code-of-conduct/\" target=\"_blank\">Code of Conduct</a></p>",
    "order": 2,
    "list": 6
  }
},
{
  "model": "content.listitem",
  "pk": 36,
  "fields": {
    "site": [
      "katatest.io"
    ],
    "icon": 4,
    "title": "News",
    "caption": "<p class=\"mb-1 mt-1\"><a href=\"http://www.businesswire.com/news/home/20171205005634/en/Kata-Containers-Project-Launches-Build-Secure-Container\" class=\"link\">Press Release</a></p>",
    "order": 3,
    "list": 6
  }
},
{
  "model": "content.list",
  "pk": 2,
  "fields": {
    "site": [
      "katatest.io"
    ],
    "title": "Meetings held at 8:00am PST",
    "display_title": true,
    "style": "INCOLUMNS",
    "order": 0,
    "module": 21
  }
},
{
  "model": "content.list",
  "pk": 3,
  "fields": {
    "site": [
      "katatest.io"
    ],
    "title": "Meetings held at 8:00am PST",
    "display_title": true,
    "style": "INCOLUMNS",
    "order": 0,
    "module": 22
  }
},
{
  "model": "content.list",
  "pk": 4,
  "fields": {
    "site": [
      "katatest.io"
    ],
    "title": "Meetings held at 5:00pm PST",
    "display_title": true,
    "style": "INCOLUMNS",
    "order": 1,
    "module": 22
  }
},
{
  "model": "content.list",
  "pk": 5,
  "fields": {
    "site": [
      "katatest.io"
    ],
    "title": "Meetings held at 5:00pm PST",
    "display_title": true,
    "style": "INCOLUMNS",
    "order": 1,
    "module": 21
  }
},
{
  "model": "content.list",
  "pk": 6,
  "fields": {
    "site": [
      "katatest.io"
    ],
    "title": "Quick start links",
    "display_title": false,
    "style": "NONE",
    "order": 0,
    "module": 7
  }
},
{
  "model": "content.list",
  "pk": 7,
  "fields": {
    "site": [
      "katatest.io"
    ],
    "title": "Kata Containers Working Committee",
    "display_title": true,
    "style": "NONE",
    "order": 0,
    "module": 23
  }
},
{
  "model": "content.list",
  "pk": 8,
  "fields": {
    "site": [
      "katatest.io"
    ],
    "title": "Kata Containers Technical Community On-boarding",
    "display_title": true,
    "style": "NONE",
    "order": 0,
    "module": 24
  }
},
{
  "model": "content.icon",
  "pk": 1,
  "fields": {
    "site": [
      "katatest.io"
    ],
    "name": "Code",
    "image": "uploads/katacontainers/images/icons/code.svg"
  }
},
{
  "model": "content.icon",
  "pk": 2,
  "fields": {
    "site": [
      "katatest.io"
    ],
    "name": "Communications",
    "image": "uploads/katacontainers/images/icons/communications.svg"
  }
},
{
  "model": "content.icon",
  "pk": 3,
  "fields": {
    "site": [
      "katatest.io"
    ],
    "name": "Community",
    "image": "uploads/katacontainers/images/icons/community.svg"
  }
},
{
  "model": "content.icon",
  "pk": 4,
  "fields": {
    "site": [
      "katatest.io"
    ],
    "name": "News",
    "image": "uploads/katacontainers/images/icons/events.svg"
  }
},
{
  "model": "content.moduleinpage",
  "pk": 7,
  "fields": {
    "site": [
      "katatest.io"
    ],
    "module": 5,
    "page": 5,
    "order": 1
  }
},
{
  "model": "content.moduleinpage",
  "pk": 8,
  "fields": {
    "site": [
      "katatest.io"
    ],
    "module": 6,
    "page": 5,
    "order": 3
  }
},
{
  "model": "content.moduleinpage",
  "pk": 9,
  "fields": {
    "site": [
      "katatest.io"
    ],
    "module": 7,
    "page": 5,
    "order": 4
  }
},
{
  "model": "content.moduleinpage",
  "pk": 10,
  "fields": {
    "site": [
      "katatest.io"
    ],
    "module": 8,
    "page": 5,
    "order": 8
  }
},
{
  "model": "content.moduleinpage",
  "pk": 11,
  "fields": {
    "site": [
      "katatest.io"
    ],
    "module": 9,
    "page": 5,
    "order": 9
  }
},
{
  "model": "content.moduleinpage",
  "pk": 12,
  "fields": {
    "site": [
      "katatest.io"
    ],
    "module": 10,
    "page": 5,
    "order": 10
  }
},
{
  "model": "content.moduleinpage",
  "pk": 13,
  "fields": {
    "site": [
      "katatest.io"
    ],
    "module": 4,
    "page": 7,
    "order": 1
  }
},
{
  "model": "content.moduleinpage",
  "pk": 14,
  "fields": {
    "site": [
      "katatest.io"
    ],
    "module": 10,
    "page": 7,
    "order": 2
  }
},
{
  "model": "content.moduleinpage",
  "pk": 15,
  "fields": {
    "site": [
      "katatest.io"
    ],
    "module": 3,
    "page": 3,
    "order": 1
  }
},
{
  "model": "content.moduleinpage",
  "pk": 16,
  "fields": {
    "site": [
      "katatest.io"
    ],
    "module": 10,
    "page": 3,
    "order": 2
  }
},
{
  "model": "content.moduleinpage",
  "pk": 17,
  "fields": {
    "site": [
      "katatest.io"
    ],
    "module": 13,
    "page": 5,
    "order": 2
  }
},
{
  "model": "content.moduleinpage",
  "pk": 18,
  "fields": {
    "site": [
      "katatest.io"
    ],
    "module": 16,
    "page": 6,
    "order": 2
  }
},
{
  "model": "content.moduleinpage",
  "pk": 19,
  "fields": {
    "site": [
      "katatest.io"
    ],
    "module": 17,
    "page": 6,
    "order": 1
  }
},
{
  "model": "content.moduleinpage",
  "pk": 20,
  "fields": {
    "site": [
      "katatest.io"
    ],
    "module": 18,
    "page": 5,
    "order": 5
  }
},
{
  "model": "content.moduleinpage",
  "pk": 21,
  "fields": {
    "site": [
      "katatest.io"
    ],
    "module": 19,
    "page": 5,
    "order": 6
  }
},
{
  "model": "content.moduleinpage",
  "pk": 22,
  "fields": {
    "site": [
      "katatest.io"
    ],
    "module": 10,
    "page": 6,
    "order": 3
  }
},
{
  "model": "content.moduleinpage",
  "pk": 23,
  "fields": {
    "site": [
      "katatest.io"
    ],
    "module": 25,
    "page": 5,
    "order": 7
  }
},
{
  "model": "content.imageingallery",
  "pk": 1,
  "fields": {
    "site": [
      "katatest.io"
    ],
    "image": "uploads/katacontainers/images/sponsors/logo-jdcloud.svg",
    "as_circle": false,
    "caption": null,
    "link": null,
    "imagegallery": 8,
    "order": 5
  }
},
{
  "model": "content.imageingallery",
  "pk": 2,
  "fields": {
    "site": [
      "katatest.io"
    ],
    "image": "uploads/katacontainers/images/sponsors/logo-easy.jpg",
    "as_circle": false,
    "caption": null,
    "link": null,
    "imagegallery": 8,
    "order": 6
  }
},
{
  "model": "content.imageingallery",
  "pk": 3,
  "fields": {
    "site": [
      "katatest.io"
    ],
    "image": "uploads/katacontainers/images/sponsors/logo-intel.svg",
    "as_circle": false,
    "caption": null,
    "link": null,
    "imagegallery": 8,
    "order": 7
  }
},
{
  "model": "content.imageingallery",
  "pk": 4,
  "fields": {
    "site": [
      "katatest.io"
    ],
    "image": "uploads/katacontainers/images/sponsors/logo-google.svg",
    "as_circle": false,
    "caption": null,
    "link": null,
    "imagegallery": 8,
    "order": 1
  }
},
{
  "model": "content.imageingallery",
  "pk": 5,
  "fields": {
    "site": [
      "katatest.io"
    ],
    "image": "uploads/katacontainers/images/sponsors/logo-99cloud.svg",
    "as_circle": false,
    "caption": null,
    "link": null,
    "imagegallery": 8,
    "order": 8
  }
},
{
  "model": "content.imageingallery",
  "pk": 6,
  "fields": {
    "site": [
      "katatest.io"
    ],
    "image": "uploads/katacontainers/images/sponsors/logo-ubuntu.svg",
    "as_circle": false,
    "caption": null,
    "link": null,
    "imagegallery": 8,
    "order": 3
  }
},
{
  "model": "content.imageingallery",
  "pk": 7,
  "fields": {
    "site": [
      "katatest.io"
    ],
    "image": "uploads/katacontainers/images/sponsors/logo-china.svg",
    "as_circle": false,
    "caption": null,
    "link": null,
    "imagegallery": 8,
    "order": 4
  }
},
{
  "model": "content.imageingallery",
  "pk": 8,
  "fields": {
    "site": [
      "katatest.io"
    ],
    "image": "uploads/katacontainers/images/sponsors/logo-huawei.svg",
    "as_circle": false,
    "caption": null,
    "link": null,
    "imagegallery": 8,
    "order": 9
  }
},
{
  "model": "content.imageingallery",
  "pk": 9,
  "fields": {
    "site": [
      "katatest.io"
    ],
    "image": "uploads/katacontainers/images/sponsors/logo-fiberhome.svg",
    "as_circle": false,
    "caption": null,
    "link": null,
    "imagegallery": 8,
    "order": 10
  }
},
{
  "model": "content.imageingallery",
  "pk": 10,
  "fields": {
    "site": [
      "katatest.io"
    ],
    "image": "uploads/katacontainers/images/sponsors/logo-core.svg",
    "as_circle": false,
    "caption": null,
    "link": null,
    "imagegallery": 8,
    "order": 11
  }
},
{
  "model": "content.imageingallery",
  "pk": 11,
  "fields": {
    "site": [
      "katatest.io"
    ],
    "image": "uploads/katacontainers/images/sponsors/logo-city.svg",
    "as_circle": false,
    "caption": null,
    "link": null,
    "imagegallery": 8,
    "order": 12
  }
},
{
  "model": "content.imageingallery",
  "pk": 12,
  "fields": {
    "site": [
      "katatest.io"
    ],
    "image": "uploads/katacontainers/images/sponsors/logo-cisco.svg",
    "as_circle": false,
    "caption": null,
    "link": null,
    "imagegallery": 8,
    "order": 13
  }
},
{
  "model": "content.imageingallery",
  "pk": 13,
  "fields": {
    "site": [
      "katatest.io"
    ],
    "image": "uploads/katacontainers/images/sponsors/logo-mirantis.svg",
    "as_circle": false,
    "caption": null,
    "link": null,
    "imagegallery": 8,
    "order": 14
  }
},
{
  "model": "content.imageingallery",
  "pk": 14,
  "fields": {
    "site": [
      "katatest.io"
    ],
    "image": "uploads/katacontainers/images/sponsors/logo-hyper-full.svg",
    "as_circle": false,
    "caption": null,
    "link": null,
    "imagegallery": 8,
    "order": 15
  }
},
{
  "model": "content.imageingallery",
  "pk": 15,
  "fields": {
    "site": [
      "katatest.io"
    ],
    "image": "uploads/katacontainers/images/sponsors/logo-suse.svg",
    "as_circle": false,
    "caption": null,
    "link": null,
    "imagegallery": 8,
    "order": 16
  }
},
{
  "model": "content.imageingallery",
  "pk": 16,
  "fields": {
    "site": [
      "katatest.io"
    ],
    "image": "uploads/katacontainers/images/sponsors/logo-redhat.svg",
    "as_circle": false,
    "caption": null,
    "link": null,
    "imagegallery": 8,
    "order": 17
  }
},
{
  "model": "content.imageingallery",
  "pk": 17,
  "fields": {
    "site": [
      "katatest.io"
    ],
    "image": "uploads/katacontainers/images/sponsors/logo-netapp.svg",
    "as_circle": false,
    "caption": null,
    "link": null,
    "imagegallery": 8,
    "order": 18
  }
},
{
  "model": "content.imageingallery",
  "pk": 18,
  "fields": {
    "site": [
      "katatest.io"
    ],
    "image": "uploads/katacontainers/images/sponsors/logo-awcloud.svg",
    "as_circle": false,
    "caption": null,
    "link": null,
    "imagegallery": 8,
    "order": 2
  }
},
{
  "model": "content.imageingallery",
  "pk": 19,
  "fields": {
    "site": [
      "katatest.io"
    ],
    "image": "uploads/katacontainers/images/sponsors/logo-ucloud.png",
    "as_circle": false,
    "caption": null,
    "link": null,
    "imagegallery": 8,
    "order": 19
  }
},
{
  "model": "content.imageingallery",
  "pk": 20,
  "fields": {
    "site": [
      "katatest.io"
    ],
    "image": "uploads/katacontainers/images/sponsors/logo-zte.svg",
    "as_circle": false,
    "caption": null,
    "link": null,
    "imagegallery": 8,
    "order": 20
  }
},
{
  "model": "content.imageingallery",
  "pk": 21,
  "fields": {
    "site": [
      "katatest.io"
    ],
    "image": "uploads/katacontainers/images/sponsors/logo-united.svg",
    "as_circle": false,
    "caption": null,
    "link": null,
    "imagegallery": 8,
    "order": 21
  }
},
{
  "model": "content.imageingallery",
  "pk": 22,
  "fields": {
    "site": [
      "katatest.io"
    ],
    "image": "uploads/katacontainers/images/sponsors/logo-tencent.svg",
    "as_circle": false,
    "caption": null,
    "link": null,
    "imagegallery": 8,
    "order": 22
  }
},
{
  "model": "content.imageingallery",
  "pk": 23,
  "fields": {
    "site": [
      "katatest.io"
    ],
    "image": "uploads/katacontainers/images/sponsors/logo-dell.svg",
    "as_circle": false,
    "caption": null,
    "link": null,
    "imagegallery": 8,
    "order": 23
  }
},
{
  "model": "content.imageingallery",
  "pk": 24,
  "fields": {
    "site": [
      "katatest.io"
    ],
    "image": "uploads/katacontainers/images/people.jpeg",
    "as_circle": true,
    "caption": "Name Here",
    "link": null,
    "imagegallery": 18,
    "order": 1
  }
},
{
  "model": "content.imageingallery",
  "pk": 25,
  "fields": {
    "site": [
      "katatest.io"
    ],
    "image": "uploads/katacontainers/images/people.jpeg",
    "as_circle": true,
    "caption": "Name Here",
    "link": null,
    "imagegallery": 18,
    "order": 2
  }
},
{
  "model": "content.imageingallery",
  "pk": 26,
  "fields": {
    "site": [
      "katatest.io"
    ],
    "image": "uploads/katacontainers/images/people.jpeg",
    "as_circle": true,
    "caption": "Name Here",
    "link": null,
    "imagegallery": 18,
    "order": 3
  }
},
{
  "model": "content.imageingallery",
  "pk": 27,
  "fields": {
    "site": [
      "katatest.io"
    ],
    "image": "uploads/katacontainers/images/people.jpeg",
    "as_circle": true,
    "caption": "Name Here",
    "link": null,
    "imagegallery": 18,
    "order": 4
  }
},
{
  "model": "content.imageingallery",
  "pk": 28,
  "fields": {
    "site": [
      "katatest.io"
    ],
    "image": "uploads/katacontainers/images/people.jpeg",
    "as_circle": true,
    "caption": "Name Here",
    "link": null,
    "imagegallery": 18,
    "order": 5
  }
},
{
  "model": "content.customhtml",
  "pk": 10,
  "fields": {
    "html_block": "<div class=\"col-md-10 col-lg-8 col-xl-7 mx-auto mb-5\">\r\n                     <link href=\"https://static-cdn.e2ma.net/signups/css/signup-refresh.lrg.css\" rel=\"stylesheet\" type=\"text/css\"><script type=\"text/javascript\" src=\"https://signup.e2ma.net/tts_signup/1862950/dc3896463a1fcdd2f57f993be48d29f6/1771360/\"></script><div id=\"load_check\" class=\"signup_form_message\" >This form needs Javascript to display, which your browser doesn't support. <a href=\"https://signup.e2ma.net/signup/1862950/1771360/\"> Sign up here</a> instead </div>\r\n                     <script type=\"text/javascript\">signupFormObj.drawForm();</script>\r\n                </div>",
    "kicker": "Stay up to date"
  }
},
{
  "model": "content.modulecontainer",
  "pk": 13,
  "fields": {}
},
{
  "model": "content.modulecontainer",
  "pk": 25,
  "fields": {}
},
{
  "model": "content.postcategory",
  "pk": 3,
  "fields": {}
},
{
  "model": "content.postcategory",
  "pk": 4,
  "fields": {}
},
{
  "model": "content.imagegallery",
  "pk": 8,
  "fields": {
    "images_per_row": 4
  }
},
{
  "model": "content.imagegallery",
  "pk": 18,
  "fields": {
    "images_per_row": 5
  }
},
{
  "model": "content.block",
  "pk": 5,
  "fields": {
    "title_only": false,
    "kicker": "",
    "layout": "ONECOL",
    "content_justify": "CENTER"
  }
},
{
  "model": "content.block",
  "pk": 6,
  "fields": {
    "title_only": false,
    "kicker": "",
    "layout": "ONECOL",
    "content_justify": "LEFT"
  }
},
{
  "model": "content.block",
  "pk": 7,
  "fields": {
    "title_only": false,
    "kicker": "",
    "layout": "ONECOL",
    "content_justify": "CENTER"
  }
},
{
  "model": "content.block",
  "pk": 9,
  "fields": {
    "title_only": false,
    "kicker": "",
    "layout": "ONECOL",
    "content_justify": "CENTER"
  }
},
{
  "model": "content.block",
  "pk": 16,
  "fields": {
    "title_only": false,
    "kicker": "",
    "layout": "ONECOL",
    "content_justify": "LEFT"
  }
},
{
  "model": "content.block",
  "pk": 17,
  "fields": {
    "title_only": true,
    "kicker": "",
    "layout": "ONECOL",
    "content_justify": "CENTER"
  }
},
{
  "model": "content.block",
  "pk": 19,
  "fields": {
    "title_only": false,
    "kicker": "",
    "layout": "ONECOL",
    "content_justify": "CENTER"
  }
},
{
  "model": "content.block",
  "pk": 21,
  "fields": {
    "title_only": false,
    "kicker": "(Bi-Weekly Monday Meetings)",
    "layout": "ONECOL",
    "content_justify": "CENTER"
  }
},
{
  "model": "content.block",
  "pk": 22,
  "fields": {
    "title_only": false,
    "kicker": "(Bi-Weekly Thursday Meetings)",
    "layout": "ONECOL",
    "content_justify": "CENTER"
  }
},
{
  "model": "content.block",
  "pk": 23,
  "fields": {
    "title_only": false,
    "kicker": "",
    "layout": "ONECOL",
    "content_justify": "LEFT"
  }
},
{
  "model": "content.block",
  "pk": 24,
  "fields": {
    "title_only": false,
    "kicker": "",
    "layout": "ONECOL",
    "content_justify": "LEFT"
  }
},
{
  "model": "content.module",
  "pk": 3,
  "fields": {
    "site": [
      "katatest.io"
    ],
    "title": "Blog",
    "display_title": true,
    "public": true,
    "content": "",
    "content_width": "WIDE",
    "style": 2,
    "image": null,
    "image_position": "LEFT",
    "image_on_background": false,
    "created": "2018-02-21T15:54:40.746Z",
    "modified": "2018-02-21T15:54:40.749Z",
    "type": "POSTCATEGORY"
  }
},
{
  "model": "content.module",
  "pk": 4,
  "fields": {
    "site": [
      "katatest.io"
    ],
    "title": "News",
    "display_title": true,
    "public": true,
    "content": "",
    "content_width": "WIDE",
    "style": 2,
    "image": null,
    "image_position": "LEFT",
    "image_on_background": false,
    "created": "2018-02-21T16:41:41.968Z",
    "modified": "2018-02-21T16:41:41.973Z",
    "type": "POSTCATEGORY"
  }
},
{
  "model": "content.module",
  "pk": 5,
  "fields": {
    "site": [
      "katatest.io"
    ],
    "title": "The speed of containers, the security of VMs",
    "display_title": true,
    "public": true,
    "content": "<p>Kata Containers is a new open source project building extremely lightweight virtual machines that seamlessly plug into the containers ecosystem.</p>",
    "content_width": "NARROW",
    "style": 1,
    "image": null,
    "image_position": "LEFT",
    "image_on_background": false,
    "created": "2018-02-23T17:48:29.152Z",
    "modified": "2018-02-26T15:58:35.435Z",
    "type": "BLOCK"
  }
},
{
  "model": "content.module",
  "pk": 6,
  "fields": {
    "site": [
      "katatest.io"
    ],
    "title": "What is Kata Containers?",
    "display_title": true,
    "public": true,
    "content": "<p class=\"mb-4 \">Kata Containers is an open source project and community working to build a standard implementation of lightweight Virtual Machines (VMs) that feel and perform like containers, but provide the workload isolation and security advantages of VMs.</p>\r\n<p class=\"mb-4 \">The Kata Containers project will initially comprise six components, including the Agent, Runtime, Proxy, Shim, Kernel and packaging of QEMU 2.9. It is designed to be architecture agnostic, run on multiple hypervisors and be compatible with the OCI specification for Docker containers and CRI for Kubernetes.</p>\r\n<p class=\"mb-4\">Kata Containers combines technology from&nbsp;<a href=\"https://github.com/clearcontainers/runtime\">Intel&reg; Clear Containers</a>&nbsp;and&nbsp;<a href=\"https://github.com/hyperhq/runv\">Hyper runV</a>. The code is hosted on Github under the Apache 2 license and the project is managed by the OpenStack Foundation.</p>",
    "content_width": "WIDE",
    "style": 2,
    "image": "uploads/katacontainers/images/data.jpg",
    "image_position": "RIGHT",
    "image_on_background": false,
    "created": "2018-02-23T18:13:56.897Z",
    "modified": "2018-02-26T14:28:54.327Z",
    "type": "BLOCK"
  }
},
{
  "model": "content.module",
  "pk": 7,
  "fields": {
    "site": [
      "katatest.io"
    ],
    "title": "Quick Start Links",
    "display_title": true,
    "public": true,
    "content": "",
    "content_width": "SEMIWIDE",
    "style": 6,
    "image": null,
    "image_position": "LEFT",
    "image_on_background": false,
    "created": "2018-02-23T18:19:50.297Z",
    "modified": "2018-03-16T18:22:36.461Z",
    "type": "BLOCK"
  }
},
{
  "model": "content.module",
  "pk": 8,
  "fields": {
    "site": [
      "katatest.io"
    ],
    "title": "Supporting Companies",
    "display_title": true,
    "public": true,
    "content": "",
    "content_width": "WIDE",
    "style": 4,
    "image": null,
    "image_position": "LEFT",
    "image_on_background": false,
    "created": "2018-02-23T18:29:05.815Z",
    "modified": "2018-02-27T14:04:39.258Z",
    "type": "IMAGEGALLERY"
  }
},
{
  "model": "content.module",
  "pk": 9,
  "fields": {
    "site": [
      "katatest.io"
    ],
    "title": "Contact us",
    "display_title": false,
    "public": true,
    "content": "<h3>Interested in supporting Kata Containers? Contact us at&nbsp;<a href=\"mailto:info@katacontainers.io\" class=\"link colored\">info@katacontainers.io</a></h3>",
    "content_width": "SEMIWIDE",
    "style": 2,
    "image": null,
    "image_position": "LEFT",
    "image_on_background": false,
    "created": "2018-02-23T18:32:53.625Z",
    "modified": "2018-03-13T18:34:40.700Z",
    "type": "BLOCK"
  }
},
{
  "model": "content.module",
  "pk": 10,
  "fields": {
    "site": [
      "katatest.io"
    ],
    "title": "Interested in what Kata is doing and want to learn more?",
    "display_title": true,
    "public": true,
    "content": "",
    "content_width": "WIDE",
    "style": 6,
    "image": null,
    "image_position": "LEFT",
    "image_on_background": false,
    "created": "2018-02-27T14:11:51.152Z",
    "modified": "2018-02-27T14:14:39.677Z",
    "type": "CUSTOMHTML"
  }
},
{
  "model": "content.module",
  "pk": 13,
  "fields": {
    "site": [
      "katatest.io"
    ],
    "title": "Committees Schedule",
    "display_title": true,
    "public": true,
    "content": "",
    "content_width": "WIDE",
    "style": 3,
    "image": null,
    "image_position": "LEFT",
    "image_on_background": false,
    "created": "2018-02-28T14:41:47.403Z",
    "modified": "2018-03-12T18:32:12.049Z",
    "type": "MODULECONTAINER"
  }
},
{
  "model": "content.module",
  "pk": 16,
  "fields": {
    "site": [
      "katatest.io"
    ],
    "title": "FAQ",
    "display_title": false,
    "public": true,
    "content": "<h4>What's the advantage of Kata Containers?</h4>\r\n<p>Kata Containers perform like containers, but provide the workload isolation and security advantages of VMs. It combines the benefits of containers and VMs.</p>\r\n<h4>Who uses Kata Containers?</h4>\r\n<p>Kata Containers is still in its formational stages, but the technical bases for the project--Clear Containers and runV--are used globally at enterprise scale by organizations like JD.com, China's largest ecommerce company (by revenue).</p>\r\n<p>Will this require a rebuild of my Docker containers? Does it work with Kubernetes?</p>\r\n<p>Kata Containers is OCI (Open Container Initiative) compliant, the same standard shared by Docker containers as well as the container runtime interface (CRI) for Kubernetes.</p>\r\n<h4>What's the operating system? Do I get to pick that?</h4>\r\n<p>Kata Containers supports Linux (host and guest) for now. On the host side, we have installation instructions for several popular distributions. We also have out-of-the-box support for Clear Linux, Fedora, and CentOS 7 rootfs images through the OSBuilder which can also be used to roll your own guest images.</p>\r\n<h4>What's the license for Kata Containers?</h4>\r\n<p>Kata Containers is open source and licensed under the Apache 2.0 license, which means it is free to use, free to distribute, and does not require modifications to be contributed back to the project.&nbsp;<a href=\"https://www.apache.org/licenses/LICENSE-2.0\">Read more about Apache 2.0.</a></p>\r\n<h4>Where is the code?</h4>\r\n<p>You can find the code at&nbsp;<a href=\"https://github.com/kata-containers/\">github.com/kata-containers</a>. You won't see much yet, as Clean Containers and runV cores are currently merging the code bases, but you can expect Kata Containers code to be ready around April/May 2018. You can find links to the original repositories from Intel and Hyper.sh on the&nbsp;<a href=\"https://katacontainers.io/\">katacontainers.io</a>&nbsp;homepage.</p>\r\n<h4>Can I contribute to it?</h4>\r\n<p>Yes! Kata Containers is open source, which means it replies on contributors like you! After the initial code base merger, all areas of Kata Containers will be open for contribution. Between now and the merger completetion, you can contribute:</p>\r\n<ul>\r\n<li>Unit tests for agent, shim and proxy</li>\r\n<li>PR reviews for agent and shim</li>\r\n<li>OSbuilder support for more distros</li>\r\n<li>gRPC input (Do we cover it all?)</li>\r\n<li>Features Requests: Open issues and PRs for any feature that you&rsquo;d like to see in Kata Containers!</li>\r\n</ul>\r\n<h4>How is Kata Containers governed?</h4>\r\n<p>Kata Containers is driven by an Architecture Committee and a Working Committee. The Architecture Committee, whose members are elected by contributors, oversees architectural decisions, including standardization, and resolves technical disagreements between project maintainers. The Working Committee has open membership and focuses on project advocacy, content creation, and community development. Kata Containers is managed by the&nbsp;<a href=\"https://openstack.org/\">OpenStack Foundation</a>, which provides event organization, code of conduct management, and other administrative support.</p>\r\n<h4>Are there Kata meetups?</h4>\r\n<p>We don't have any scheduled yet, but you can expect to see some on the calendar soon! Want to organize a Kata Containers Meetup? Email anne at openstack.org to get involved.</p>\r\n<h4>Is this an OpenStack project?</h4>\r\n<p>Kata Containers is managed by the OpenStack Foundation, but is not a part of the OpenStack cloud infrastructure project. From a technical perspective, Kata Containers can be run on OpenStack, but can also be run on other cloud solutions like Azure and Google Cloud Platform. The OpenStack Foundation brings its 8 years of open source project and community management to this new project to provide community support, technical structure, and event management.</p>",
    "content_width": "WIDE",
    "style": 2,
    "image": null,
    "image_position": "LEFT",
    "image_on_background": false,
    "created": "2018-03-01T17:33:05.168Z",
    "modified": "2018-03-02T18:26:47.849Z",
    "type": "BLOCK"
  }
},
{
  "model": "content.module",
  "pk": 17,
  "fields": {
    "site": [
      "katatest.io"
    ],
    "title": "Kata Containers FAQ",
    "display_title": true,
    "public": true,
    "content": "",
    "content_width": "WIDE",
    "style": 2,
    "image": null,
    "image_position": "LEFT",
    "image_on_background": false,
    "created": "2018-03-01T17:49:30.656Z",
    "modified": "2018-03-02T19:07:27.569Z",
    "type": "BLOCK"
  }
},
{
  "model": "content.module",
  "pk": 18,
  "fields": {
    "site": [
      "katatest.io"
    ],
    "title": "Architecture Committee",
    "display_title": true,
    "public": true,
    "content": "",
    "content_width": "WIDE",
    "style": 7,
    "image": null,
    "image_position": "LEFT",
    "image_on_background": false,
    "created": "2018-03-02T14:54:28.434Z",
    "modified": "2018-03-02T16:21:47.333Z",
    "type": "IMAGEGALLERY"
  }
},
{
  "model": "content.module",
  "pk": 19,
  "fields": {
    "site": [
      "katatest.io"
    ],
    "title": "Working Committee",
    "display_title": true,
    "public": true,
    "content": "<p>Lorem ipsum dolor sit amet, consectetur adipiscing elit. In tincidunt ex non ullamcorper tempus. Fusce at quam ornare, cursus nunc vitae, dignissim metus. Sed lacinia turpis magna, vel porttitor magna venenatis nec.</p>\r\n<p>For more information, email&nbsp;<a href=\"../../add/\">workingcommittee@katacontainers.com</a></p>",
    "content_width": "WIDE",
    "style": 7,
    "image": null,
    "image_position": "LEFT",
    "image_on_background": false,
    "created": "2018-03-02T14:55:09.398Z",
    "modified": "2018-03-02T14:59:34.195Z",
    "type": "BLOCK"
  }
},
{
  "model": "content.module",
  "pk": 21,
  "fields": {
    "site": [
      "katatest.io"
    ],
    "title": "Architecture Committee Schedule",
    "display_title": true,
    "public": true,
    "content": "<p><em>Dial-in:</em>&nbsp;<a href=\"https://zoom.us/j/684258711\" target=\"_blank\">https://zoom.us/j/684258711</a></p>",
    "content_width": "WIDE",
    "style": 3,
    "image": null,
    "image_position": "LEFT",
    "image_on_background": false,
    "created": "2018-03-12T18:28:02.658Z",
    "modified": "2018-03-13T15:11:10.129Z",
    "type": "BLOCK"
  }
},
{
  "model": "content.module",
  "pk": 22,
  "fields": {
    "site": [
      "katatest.io"
    ],
    "title": "Working Committee Schedule",
    "display_title": true,
    "public": true,
    "content": "<p><em>Dial-In:</em>&nbsp;<a href=\"https://zoom.us/j/828948400\" target=\"_blank\">https://zoom.us/j/828948400</a>&nbsp;*</p>",
    "content_width": "WIDE",
    "style": 3,
    "image": null,
    "image_position": "LEFT",
    "image_on_background": false,
    "created": "2018-03-12T18:30:07.553Z",
    "modified": "2018-03-13T15:11:00.955Z",
    "type": "BLOCK"
  }
},
{
  "model": "content.module",
  "pk": 23,
  "fields": {
    "site": [
      "katatest.io"
    ],
    "title": "Kata Containers Working Committee",
    "display_title": true,
    "public": true,
    "content": "",
    "content_width": "WIDE",
    "style": 3,
    "image": null,
    "image_position": "LEFT",
    "image_on_background": false,
    "created": "2018-03-12T19:05:22.607Z",
    "modified": "2018-03-13T15:10:49.084Z",
    "type": "BLOCK"
  }
},
{
  "model": "content.module",
  "pk": 24,
  "fields": {
    "site": [
      "katatest.io"
    ],
    "title": "Kata Containers Technical Community On-boarding",
    "display_title": true,
    "public": true,
    "content": "",
    "content_width": "WIDE",
    "style": 3,
    "image": null,
    "image_position": "LEFT",
    "image_on_background": false,
    "created": "2018-03-12T19:06:04.969Z",
    "modified": "2018-03-14T16:18:54.556Z",
    "type": "BLOCK"
  }
},
{
  "model": "content.module",
  "pk": 25,
  "fields": {
    "site": [
      "katatest.io"
    ],
    "title": "Kata Containers Working / Technical",
    "display_title": false,
    "public": true,
    "content": "",
    "content_width": "WIDE",
    "style": 3,
    "image": null,
    "image_position": "LEFT",
    "image_on_background": false,
    "created": "2018-03-12T19:06:51.877Z",
    "modified": "2018-03-12T19:06:51.879Z",
    "type": "MODULECONTAINER"
  }
},
{
  "model": "content.style",
  "pk": 1,
  "fields": {
    "site": [
      "katatest.io"
    ],
    "title": "White on black",
    "slug": "white-black"
  }
},
{
  "model": "content.style",
  "pk": 2,
  "fields": {
    "site": [
      "katatest.io"
    ],
    "title": "Black on white",
    "slug": "black-white"
  }
},
{
  "model": "content.style",
  "pk": 3,
  "fields": {
    "site": [
      "katatest.io"
    ],
    "title": "White on red",
    "slug": "white-red"
  }
},
{
  "model": "content.style",
  "pk": 4,
  "fields": {
    "site": [
      "katatest.io"
    ],
    "title": "Red on white",
    "slug": "red-white"
  }
},
{
  "model": "content.style",
  "pk": 5,
  "fields": {
    "site": [
      "katatest.io"
    ],
    "title": "Red on light grey",
    "slug": "red-light-grey"
  }
},
{
  "model": "content.style",
  "pk": 6,
  "fields": {
    "site": [
      "katatest.io"
    ],
    "title": "Black on Light Grey",
    "slug": "black-light-grey"
  }
},
{
  "model": "content.style",
  "pk": 7,
  "fields": {
    "site": [
      "katatest.io"
    ],
    "title": "White on blue",
    "slug": "white-blue"
  }
},
{
  "model": "content.page",
  "pk": 3,
  "fields": {
    "site": [
      "katatest.io"
    ],
    "title": "Blog",
    "slug": "blog",
    "public": true,
    "created": "2018-02-21T15:54:23.069Z",
    "modified": "2018-02-27T15:21:12.829Z"
  }
},
{
  "model": "content.page",
  "pk": 5,
  "fields": {
    "site": [
      "katatest.io"
    ],
    "title": "The speed of containers, the security of VMs",
    "slug": "",
    "public": true,
    "created": "2018-02-23T17:34:07.980Z",
    "modified": "2018-03-15T17:57:34.468Z"
  }
},
{
  "model": "content.page",
  "pk": 6,
  "fields": {
    "site": [
      "katatest.io"
    ],
    "title": "FAQ",
    "slug": "faq",
    "public": false,
    "created": "2018-02-27T14:51:23.123Z",
    "modified": "2018-03-15T15:59:33.795Z"
  }
},
{
  "model": "content.page",
  "pk": 7,
  "fields": {
    "site": [
      "katatest.io"
    ],
    "title": "News",
    "slug": "news",
    "public": true,
    "created": "2018-02-27T14:51:31.516Z",
    "modified": "2018-02-27T15:21:05.581Z"
  }
}
]
